variant,source,transform,sequence_count,test,pass_proportion,uniformity_p_value,eligible_sequences,subtest_rows
bjt_raw,bjt,raw,8,ApproximateEntropy,1.0,,8,1
bjt_raw,bjt,raw,8,BlockFrequency,1.0,,8,1
bjt_raw,bjt,raw,8,CumulativeSums,1.0,,8,2
bjt_raw,bjt,raw,8,FFT,1.0,,8,1
bjt_raw,bjt,raw,8,Frequency,1.0,,8,1
bjt_raw,bjt,raw,8,LinearComplexity,1.0,,8,1
bjt_raw,bjt,raw,8,LongestRun,1.0,,8,1
bjt_raw,bjt,raw,8,NonOverlappingTemplate,0.75,,8,148
bjt_raw,bjt,raw,8,OverlappingTemplate,1.0,,8,1
bjt_raw,bjt,raw,8,RandomExcursions,0.75,,4,8
bjt_raw,bjt,raw,8,RandomExcursionsVariant,0.75,,4,18
bjt_raw,bjt,raw,8,Rank,1.0,,8,1
bjt_raw,bjt,raw,8,Runs,1.0,,8,1
bjt_raw,bjt,raw,8,Serial,0.875,,8,2
bjt_raw,bjt,raw,8,Universal,1.0,,8,1
bjt_vn,bjt,vn,2,ApproximateEntropy,1.0,,2,1
bjt_vn,bjt,vn,2,BlockFrequency,1.0,,2,1
bjt_vn,bjt,vn,2,CumulativeSums,1.0,,2,2
bjt_vn,bjt,vn,2,FFT,1.0,,2,1
bjt_vn,bjt,vn,2,Frequency,1.0,,2,1
bjt_vn,bjt,vn,2,LinearComplexity,1.0,,2,1
bjt_vn,bjt,vn,2,LongestRun,1.0,,2,1
bjt_vn,bjt,vn,2,NonOverlappingTemplate,0.5,,2,148
bjt_vn,bjt,vn,2,OverlappingTemplate,1.0,,2,1
bjt_vn,bjt,vn,2,RandomExcursions,1.0,,1,8
bjt_vn,bjt,vn,2,RandomExcursionsVariant,1.0,,1,18
bjt_vn,bjt,vn,2,Rank,1.0,,2,1
bjt_vn,bjt,vn,2,Runs,1.0,,2,1
bjt_vn,bjt,vn,2,Serial,1.0,,2,2
bjt_vn,bjt,vn,2,Universal,1.0,,2,1
bjt_xor,bjt,xor,8,ApproximateEntropy,1.0,,8,1
bjt_xor,bjt,xor,8,BlockFrequency,0.875,,8,1
bjt_xor,bjt,xor,8,CumulativeSums,1.0,,8,2
bjt_xor,bjt,xor,8,FFT,1.0,,8,1
bjt_xor,bjt,xor,8,Frequency,1.0,,8,1
bjt_xor,bjt,xor,8,LinearComplexity,1.0,,8,1
bjt_xor,bjt,xor,8,LongestRun,1.0,,8,1
bjt_xor,bjt,xor,8,NonOverlappingTemplate,0.75,,8,148
bjt_xor,bjt,xor,8,OverlappingTemplate,1.0,,8,1
bjt_xor,bjt,xor,8,RandomExcursions,1.0,,4,8
bjt_xor,bjt,xor,8,RandomExcursionsVariant,1.0,,4,18
bjt_xor,bjt,xor,8,Rank,1.0,,8,1
bjt_xor,bjt,xor,8,Runs,0.875,,8,1
bjt_xor,bjt,xor,8,Serial,0.875,,8,2
bjt_xor,bjt,xor,8,Universal,1.0,,8,1
diode_raw,diode,raw,8,ApproximateEntropy,1.0,,8,1
diode_raw,diode,raw,8,BlockFrequency,0.875,,8,1
diode_raw,diode,raw,8,CumulativeSums,1.0,,8,2
diode_raw,diode,raw,8,FFT,1.0,,8,1
diode_raw,diode,raw,8,Frequency,1.0,,8,1
diode_raw,diode,raw,8,LinearComplexity,1.0,,8,1
diode_raw,diode,raw,8,LongestRun,1.0,,8,1
diode_raw,diode,raw,8,NonOverlappingTemplate,0.875,,8,148
diode_raw,diode,raw,8,OverlappingTemplate,1.0,,8,1
diode_raw,diode,raw,8,RandomExcursions,1.0,,4,8
diode_raw,diode,raw,8,RandomExcursionsVariant,1.0,,4,18
diode_raw,diode,raw,8,Rank,1.0,,8,1
diode_raw,diode,raw,8,Runs,1.0,,8,1
diode_raw,diode,raw,8,Serial,1.0,,8,2
diode_raw,diode,raw,8,Universal,1.0,,8,1
diode_vn,diode,vn,2,ApproximateEntropy,1.0,,2,1
diode_vn,diode,vn,2,BlockFrequency,1.0,,2,1
diode_vn,diode,vn,2,CumulativeSums,1.0,,2,2
diode_vn,diode,vn,2,FFT,1.0,,2,1
diode_vn,diode,vn,2,Frequency,1.0,,2,1
diode_vn,diode,vn,2,LinearComplexity,1.0,,2,1
diode_vn,diode,vn,2,LongestRun,1.0,,2,1
diode_vn,diode,vn,2,NonOverlappingTemplate,0.5,,2,148
diode_vn,diode,vn,2,OverlappingTemplate,1.0,,2,1
diode_vn,diode,vn,2,RandomExcursions,1.0,,1,8
diode_vn,diode,vn,2,RandomExcursionsVariant,1.0,,1,18
diode_vn,diode,vn,2,Rank,1.0,,2,1
diode_vn,diode,vn,2,Runs,1.0,,2,1
diode_vn,diode,vn,2,Serial,1.0,,2,2
diode_vn,diode,vn,2,Universal,1.0,,2,1
diode_xor,diode,xor,8,ApproximateEntropy,1.0,,8,1
diode_xor,diode,xor,8,BlockFrequency,1.0,,8,1
diode_xor,diode,xor,8,CumulativeSums,1.0,,8,2
diode_xor,diode,xor,8,FFT,1.0,,8,1
diode_xor,diode,xor,8,Frequency,1.0,,8,1
diode_xor,diode,xor,8,LinearComplexity,1.0,,8,1
diode_xor,diode,xor,8,LongestRun,1.0,,8,1
diode_xor,diode,xor,8,NonOverlappingTemplate,0.875,,8,148
diode_xor,diode,xor,8,OverlappingTemplate,1.0,,8,1
diode_xor,diode,xor,8,RandomExcursions,1.0,,5,8
diode_xor,diode,xor,8,RandomExcursionsVariant,1.0,,5,18
diode_xor,diode,xor,8,Rank,1.0,,8,1
diode_xor,diode,xor,8,Runs,1.0,,8,1
diode_xor,diode,xor,8,Serial,0.875,,8,2
diode_xor,diode,xor,8,Universal,0.875,,8,1
mls_raw,mls,raw,8,ApproximateEntropy,0.875,,8,1
mls_raw,mls,raw,8,BlockFrequency,1.0,,8,1
mls_raw,mls,raw,8,CumulativeSums,1.0,,8,2
mls_raw,mls,raw,8,FFT,0.875,,8,1
mls_raw,mls,raw,8,Frequency,1.0,,8,1
mls_raw,mls,raw,8,LinearComplexity,0.0,,8,1
mls_raw,mls,raw,8,LongestRun,1.0,,8,1
mls_raw,mls,raw,8,NonOverlappingTemplate,0.875,,8,148
mls_raw,mls,raw,8,OverlappingTemplate,1.0,,8,1
mls_raw,mls,raw,8,RandomExcursions,1.0,,2,8
mls_raw,mls,raw,8,RandomExcursionsVariant,0.5,,2,18
mls_raw,mls,raw,8,Rank,0.0,,8,1
mls_raw,mls,raw,8,Runs,1.0,,8,1
mls_raw,mls,raw,8,Serial,1.0,,8,2
mls_raw,mls,raw,8,Universal,1.0,,8,1
mls_vn,mls,vn,2,ApproximateEntropy,1.0,,2,1
mls_vn,mls,vn,2,BlockFrequency,1.0,,2,1
mls_vn,mls,vn,2,CumulativeSums,1.0,,2,2
mls_vn,mls,vn,2,FFT,1.0,,2,1
mls_vn,mls,vn,2,Frequency,1.0,,2,1
mls_vn,mls,vn,2,LinearComplexity,1.0,,2,1
mls_vn,mls,vn,2,LongestRun,1.0,,2,1
mls_vn,mls,vn,2,NonOverlappingTemplate,0.5,,2,148
mls_vn,mls,vn,2,OverlappingTemplate,1.0,,2,1
mls_vn,mls,vn,2,RandomExcursions,1.0,,1,8
mls_vn,mls,vn,2,RandomExcursionsVariant,1.0,,1,18
mls_vn,mls,vn,2,Rank,1.0,,2,1
mls_vn,mls,vn,2,Runs,1.0,,2,1
mls_vn,mls,vn,2,Serial,1.0,,2,2
mls_vn,mls,vn,2,Universal,1.0,,2,1
mls_xor,mls,xor,8,ApproximateEntropy,1.0,,8,1
mls_xor,mls,xor,8,BlockFrequency,1.0,,8,1
mls_xor,mls,xor,8,CumulativeSums,1.0,,8,2
mls_xor,mls,xor,8,FFT,1.0,,8,1
mls_xor,mls,xor,8,Frequency,1.0,,8,1
mls_xor,mls,xor,8,LinearComplexity,0.0,,8,1
mls_xor,mls,xor,8,LongestRun,1.0,,8,1
mls_xor,mls,xor,8,NonOverlappingTemplate,0.75,,8,148
mls_xor,mls,xor,8,OverlappingTemplate,1.0,,8,1
mls_xor,mls,xor,8,RandomExcursions,1.0,,4,8
mls_xor,mls,xor,8,RandomExcursionsVariant,1.0,,4,18
mls_xor,mls,xor,8,Rank,0.0,,8,1
mls_xor,mls,xor,8,Runs,1.0,,8,1
mls_xor,mls,xor,8,Serial,1.0,,8,2
mls_xor,mls,xor,8,Universal,1.0,,8,1
pycryptodome_raw,pycryptodome,raw,8,ApproximateEntropy,1.0,,8,1
pycryptodome_raw,pycryptodome,raw,8,BlockFrequency,0.875,,8,1
pycryptodome_raw,pycryptodome,raw,8,CumulativeSums,1.0,,8,2
pycryptodome_raw,pycryptodome,raw,8,FFT,1.0,,8,1
pycryptodome_raw,pycryptodome,raw,8,Frequency,1.0,,8,1
pycryptodome_raw,pycryptodome,raw,8,LinearComplexity,0.875,,8,1
pycryptodome_raw,pycryptodome,raw,8,LongestRun,1.0,,8,1
pycryptodome_raw,pycryptodome,raw,8,NonOverlappingTemplate,0.75,,8,148
pycryptodome_raw,pycryptodome,raw,8,OverlappingTemplate,0.875,,8,1
pycryptodome_raw,pycryptodome,raw,8,RandomExcursions,1.0,,4,8
pycryptodome_raw,pycryptodome,raw,8,RandomExcursionsVariant,0.75,,4,18
pycryptodome_raw,pycryptodome,raw,8,Rank,1.0,,8,1
pycryptodome_raw,pycryptodome,raw,8,Runs,1.0,,8,1
pycryptodome_raw,pycryptodome,raw,8,Serial,1.0,,8,2
pycryptodome_raw,pycryptodome,raw,8,Universal,1.0,,8,1
pycryptodome_vn,pycryptodome,vn,2,ApproximateEntropy,1.0,,2,1
pycryptodome_vn,pycryptodome,vn,2,BlockFrequency,1.0,,2,1
pycryptodome_vn,pycryptodome,vn,2,CumulativeSums,1.0,,2,2
pycryptodome_vn,pycryptodome,vn,2,FFT,1.0,,2,1
pycryptodome_vn,pycryptodome,vn,2,Frequency,1.0,,2,1
pycryptodome_vn,pycryptodome,vn,2,LinearComplexity,1.0,,2,1
pycryptodome_vn,pycryptodome,vn,2,LongestRun,1.0,,2,1
pycryptodome_vn,pycryptodome,vn,2,NonOverlappingTemplate,0.5,,2,148
pycryptodome_vn,pycryptodome,vn,2,OverlappingTemplate,1.0,,2,1
pycryptodome_vn,pycryptodome,vn,2,RandomExcursions,1.0,,2,8
pycryptodome_vn,pycryptodome,vn,2,RandomExcursionsVariant,1.0,,2,18
pycryptodome_vn,pycryptodome,vn,2,Rank,1.0,,2,1
pycryptodome_vn,pycryptodome,vn,2,Runs,1.0,,2,1
pycryptodome_vn,pycryptodome,vn,2,Serial,1.0,,2,2
pycryptodome_vn,pycryptodome,vn,2,Universal,0.5,,2,1
pycryptodome_xor,pycryptodome,xor,8,ApproximateEntropy,1.0,,8,1
pycryptodome_xor,pycryptodome,xor,8,BlockFrequency,0.875,,8,1
pycryptodome_xor,pycryptodome,xor,8,CumulativeSums,1.0,,8,2
pycryptodome_xor,pycryptodome,xor,8,FFT,1.0,,8,1
pycryptodome_xor,pycryptodome,xor,8,Frequency,1.0,,8,1
pycryptodome_xor,pycryptodome,xor,8,LinearComplexity,1.0,,8,1
pycryptodome_xor,pycryptodome,xor,8,LongestRun,1.0,,8,1
pycryptodome_xor,pycryptodome,xor,8,NonOverlappingTemplate,0.875,,8,148
pycryptodome_xor,pycryptodome,xor,8,OverlappingTemplate,1.0,,8,1
pycryptodome_xor,pycryptodome,xor,8,RandomExcursions,1.0,,6,8
pycryptodome_xor,pycryptodome,xor,8,RandomExcursionsVariant,1.0,,6,18
pycryptodome_xor,pycryptodome,xor,8,Rank,1.0,,8,1
pycryptodome_xor,pycryptodome,xor,8,Runs,1.0,,8,1
pycryptodome_xor,pycryptodome,xor,8,Serial,1.0,,8,2
pycryptodome_xor,pycryptodome,xor,8,Universal,1.0,,8,1
pynacl_raw,pynacl,raw,8,ApproximateEntropy,1.0,,8,1
pynacl_raw,pynacl,raw,8,BlockFrequency,1.0,,8,1
pynacl_raw,pynacl,raw,8,CumulativeSums,1.0,,8,2
pynacl_raw,pynacl,raw,8,FFT,1.0,,8,1
pynacl_raw,pynacl,raw,8,Frequency,1.0,,8,1
pynacl_raw,pynacl,raw,8,LinearComplexity,1.0,,8,1
pynacl_raw,pynacl,raw,8,LongestRun,0.875,,8,1
pynacl_raw,pynacl,raw,8,NonOverlappingTemplate,0.875,,8,148
pynacl_raw,pynacl,raw,8,OverlappingTemplate,1.0,,8,1
pynacl_raw,pynacl,raw,8,RandomExcursions,0.75,,4,8
pynacl_raw,pynacl,raw,8,RandomExcursionsVariant,1.0,,4,18
pynacl_raw,pynacl,raw,8,Rank,1.0,,8,1
pynacl_raw,pynacl,raw,8,Runs,1.0,,8,1
pynacl_raw,pynacl,raw,8,Serial,1.0,,8,2
pynacl_raw,pynacl,raw,8,Universal,1.0,,8,1
pynacl_vn,pynacl,vn,2,ApproximateEntropy,1.0,,2,1
pynacl_vn,pynacl,vn,2,BlockFrequency,1.0,,2,1
pynacl_vn,pynacl,vn,2,CumulativeSums,1.0,,2,2
pynacl_vn,pynacl,vn,2,FFT,1.0,,2,1
pynacl_vn,pynacl,vn,2,Frequency,1.0,,2,1
pynacl_vn,pynacl,vn,2,LinearComplexity,1.0,,2,1
pynacl_vn,pynacl,vn,2,LongestRun,1.0,,2,1
pynacl_vn,pynacl,vn,2,NonOverlappingTemplate,0.5,,2,148
pynacl_vn,pynacl,vn,2,OverlappingTemplate,1.0,,2,1
pynacl_vn,pynacl,vn,2,RandomExcursions,1.0,,2,8
pynacl_vn,pynacl,vn,2,RandomExcursionsVariant,1.0,,2,18
pynacl_vn,pynacl,vn,2,Rank,1.0,,2,1
pynacl_vn,pynacl,vn,2,Runs,1.0,,2,1
pynacl_vn,pynacl,vn,2,Serial,1.0,,2,2
pynacl_vn,pynacl,vn,2,Universal,1.0,,2,1
pynacl_xor,pynacl,xor,8,ApproximateEntropy,1.0,,8,1
pynacl_xor,pynacl,xor,8,BlockFrequency,1.0,,8,1
pynacl_xor,pynacl,xor,8,CumulativeSums,1.0,,8,2
pynacl_xor,pynacl,xor,8,FFT,1.0,,8,1
pynacl_xor,pynacl,xor,8,Frequency,1.0,,8,1
pynacl_xor,pynacl,xor,8,LinearComplexity,1.0,,8,1
pynacl_xor,pynacl,xor,8,LongestRun,1.0,,8,1
pynacl_xor,pynacl,xor,8,NonOverlappingTemplate,0.875,,8,148
pynacl_xor,pynacl,xor,8,OverlappingTemplate,1.0,,8,1
pynacl_xor,pynacl,xor,8,RandomExcursions,1.0,,5,8
pynacl_xor,pynacl,xor,8,RandomExcursionsVariant,1.0,,5,18
pynacl_xor,pynacl,xor,8,Rank,1.0,,8,1
pynacl_xor,pynacl,xor,8,Runs,1.0,,8,1
pynacl_xor,pynacl,xor,8,Serial,1.0,,8,2
pynacl_xor,pynacl,xor,8,Universal,1.0,,8,1
python_random_raw,python_random,raw,8,ApproximateEntropy,1.0,,8,1
python_random_raw,python_random,raw,8,BlockFrequency,1.0,,8,1
python_random_raw,python_random,raw,8,CumulativeSums,1.0,,8,2
python_random_raw,python_random,raw,8,FFT,1.0,,8,1
python_random_raw,python_random,raw,8,Frequency,1.0,,8,1
python_random_raw,python_random,raw,8,LinearComplexity,1.0,,8,1
python_random_raw,python_random,raw,8,LongestRun,1.0,,8,1
python_random_raw,python_random,raw,8,NonOverlappingTemplate,0.875,,8,148
python_random_raw,python_random,raw,8,OverlappingTemplate,1.0,,8,1
python_random_raw,python_random,raw,8,RandomExcursions,0.8,,5,8
python_random_raw,python_random,raw,8,RandomExcursionsVariant,0.8,,5,18
python_random_raw,python_random,raw,8,Rank,1.0,,8,1
python_random_raw,python_random,raw,8,Runs,1.0,,8,1
python_random_raw,python_random,raw,8,Serial,1.0,,8,2
python_random_raw,python_random,raw,8,Universal,1.0,,8,1
python_random_vn,python_random,vn,2,ApproximateEntropy,1.0,,2,1
python_random_vn,python_random,vn,2,BlockFrequency,1.0,,2,1
python_random_vn,python_random,vn,2,CumulativeSums,1.0,,2,2
python_random_vn,python_random,vn,2,FFT,1.0,,2,1
python_random_vn,python_random,vn,2,Frequency,1.0,,2,1
python_random_vn,python_random,vn,2,LinearComplexity,1.0,,2,1
python_random_vn,python_random,vn,2,LongestRun,1.0,,2,1
python_random_vn,python_random,vn,2,NonOverlappingTemplate,0.5,,2,148
python_random_vn,python_random,vn,2,OverlappingTemplate,1.0,,2,1
python_random_vn,python_random,vn,2,RandomExcursions,1.0,,1,8
python_random_vn,python_random,vn,2,RandomExcursionsVariant,0.0,,1,18
python_random_vn,python_random,vn,2,Rank,1.0,,2,1
python_random_vn,python_random,vn,2,Runs,1.0,,2,1
python_random_vn,python_random,vn,2,Serial,1.0,,2,2
python_random_vn,python_random,vn,2,Universal,1.0,,2,1
python_random_xor,python_random,xor,8,ApproximateEntropy,1.0,,8,1
python_random_xor,python_random,xor,8,BlockFrequency,1.0,,8,1
python_random_xor,python_random,xor,8,CumulativeSums,1.0,,8,2
python_random_xor,python_random,xor,8,FFT,1.0,,8,1
python_random_xor,python_random,xor,8,Frequency,1.0,,8,1
python_random_xor,python_random,xor,8,LinearComplexity,1.0,,8,1
python_random_xor,python_random,xor,8,LongestRun,1.0,,8,1
python_random_xor,python_random,xor,8,NonOverlappingTemplate,0.625,,8,148
python_random_xor,python_random,xor,8,OverlappingTemplate,1.0,,8,1
python_random_xor,python_random,xor,8,RandomExcursions,1.0,,5,8
python_random_xor,python_random,xor,8,RandomExcursionsVariant,0.8,,5,18
python_random_xor,python_random,xor,8,Rank,1.0,,8,1
python_random_xor,python_random,xor,8,Runs,1.0,,8,1
python_random_xor,python_random,xor,8,Serial,1.0,,8,2
python_random_xor,python_random,xor,8,Universal,1.0,,8,1
sdr_raw,sdr,raw,8,ApproximateEntropy,0.0,,8,1
sdr_raw,sdr,raw,8,BlockFrequency,0.0,,8,1
sdr_raw,sdr,raw,8,CumulativeSums,0.25,,8,2
sdr_raw,sdr,raw,8,FFT,0.0,,8,1
sdr_raw,sdr,raw,8,Frequency,0.5,,8,1
sdr_raw,sdr,raw,8,LinearComplexity,1.0,,8,1
sdr_raw,sdr,raw,8,LongestRun,0.0,,8,1
sdr_raw,sdr,raw,8,NonOverlappingTemplate,0.0,,8,148
sdr_raw,sdr,raw,8,OverlappingTemplate,0.0,,8,1
sdr_raw,sdr,raw,8,RandomExcursions,0.0,,1,2
sdr_raw,sdr,raw,8,RandomExcursionsVariant,1.0,,1,18
sdr_raw,sdr,raw,8,Rank,0.875,,8,1
sdr_raw,sdr,raw,8,Runs,0.5,,8,1
sdr_raw,sdr,raw,8,Serial,0.0,,8,2
sdr_raw,sdr,raw,8,Universal,0.0,,8,1
sdr_vn,sdr,vn,2,ApproximateEntropy,0.0,,2,1
sdr_vn,sdr,vn,2,BlockFrequency,0.0,,2,1
sdr_vn,sdr,vn,2,CumulativeSums,0.0,,2,2
sdr_vn,sdr,vn,2,FFT,0.0,,2,1
sdr_vn,sdr,vn,2,Frequency,0.0,,2,1
sdr_vn,sdr,vn,2,LinearComplexity,1.0,,2,1
sdr_vn,sdr,vn,2,LongestRun,0.0,,2,1
sdr_vn,sdr,vn,2,NonOverlappingTemplate,0.0,,2,148
sdr_vn,sdr,vn,2,OverlappingTemplate,0.0,,2,1
sdr_vn,sdr,vn,2,Rank,0.0,,2,1
sdr_vn,sdr,vn,2,Runs,0.0,,2,1
sdr_vn,sdr,vn,2,Serial,0.0,,2,2
sdr_vn,sdr,vn,2,Universal,0.0,,2,1
sdr_xor,sdr,xor,8,ApproximateEntropy,0.0,,8,1
sdr_xor,sdr,xor,8,BlockFrequency,0.0,,8,1
sdr_xor,sdr,xor,8,CumulativeSums,0.5,,8,2
sdr_xor,sdr,xor,8,FFT,0.0,,8,1
sdr_xor,sdr,xor,8,Frequency,0.5,,8,1
sdr_xor,sdr,xor,8,LinearComplexity,1.0,,8,1
sdr_xor,sdr,xor,8,LongestRun,0.0,,8,1
sdr_xor,sdr,xor,8,NonOverlappingTemplate,0.0,,8,148
sdr_xor,sdr,xor,8,OverlappingTemplate,0.0,,8,1
sdr_xor,sdr,xor,8,RandomExcursionsVariant,1.0,,3,18
sdr_xor,sdr,xor,8,Rank,1.0,,8,1
sdr_xor,sdr,xor,8,Runs,0.0,,8,1
sdr_xor,sdr,xor,8,Serial,0.0,,8,2
sdr_xor,sdr,xor,8,Universal,0.0,,8,1
